{
  "config": {
    "epochs": 5,
    "batch": 256,
    "lr": 0.001,
    "wd": 0.0001,
    "seed": 42,
    "ewc_lambda": 10000.0,
    "buffer_frac": 0.1,
    "lwf_alpha": 0.5,
    "lwf_T": 2.0,
    "icarl_memory": 2000
  },
  "runs": [
    {
      "protocol": "ci",
      "model": "mlp",
      "strategy": "icarl",
      "overall_accuracy": 0.7612490298295798,
      "overall_macro_f1": 0.4576428274311216,
      "avg_forgetting_acc": 0.10181880081942485,
      "avg_forgetting_f1": 0.050063899307789615,
      "recall_per_class": {
        "BENIGN": 0.6976976345245813,
        "DoS GoldenEye": 0.9759533641000728,
        "DoS Hulk": 0.9748612152223273,
        "DoS Slowhttptest": 0.844474761255116,
        "DoS slowloris": 0.8334771354616048,
        "FTP-Patator": 0.9889729048519219,
        "Heartbleed": 1.0,
        "SSH-Patator": 0.9872773536895675
      },
      "acc_matrix": [
        [
          0.9967168960775697,
          null,
          null,
          null
        ],
        [
          0.9676197496562381,
          0.9135896782955607,
          null,
          null
        ],
        [
          0.8242915668457537,
          0.9749490705373058,
          0.9298980335032775,
          null
        ],
        [
          0.7009455225890592,
          0.97181903064256,
          0.9233430444282593,
          0.9872988992379339
        ]
      ],
      "f1_matrix": [
        [
          0.9374542405436325,
          null,
          null,
          null
        ],
        [
          0.922609466780542,
          0.9672535455946003,
          null,
          null
        ],
        [
          0.8745425295815401,
          0.9841179496663898,
          0.9558292423609207,
          null
        ],
        [
          0.8242564058294594,
          0.9511371511827964,
          0.9518161776353183,
          0.9967989756722151
        ]
      ],
      "intransigence_acc": 0.21235573868171165,
      "intransigence_f1": 0.4374516824534864,
      "oracle_accuracy": 0.9736047685112914,
      "oracle_macro_f1": 0.895094509884608
    },
    {
      "protocol": "ci",
      "model": "cnn",
      "strategy": "icarl",
      "overall_accuracy": 0.8151982005949646,
      "overall_macro_f1": 0.47452555964250387,
      "avg_forgetting_acc": 0.08338270350532458,
      "avg_forgetting_f1": 0.022985599249910876,
      "recall_per_class": {
        "BENIGN": 0.7689602349984797,
        "DoS GoldenEye": 0.9713383531697838,
        "DoS Hulk": 0.9726993231865637,
        "DoS Slowhttptest": 0.8021828103683493,
        "DoS slowloris": 0.8347713546160483,
        "FTP-Patator": 0.9886578449905482,
        "Heartbleed": 1.0,
        "SSH-Patator": 0.9889737065309584
      },
      "acc_matrix": [
        [
          0.9829834285471273,
          null,
          null,
          null
        ],
        [
          0.9359993195639539,
          0.9966471437059672,
          null,
          null
        ],
        [
          0.8200728633599365,
          0.9824929971988795,
          0.9342680262199563,
          null
        ],
        [
          0.7713224558070964,
          0.9687208216619981,
          0.9237072104879825,
          0.9889923793395428
        ]
      ],
      "f1_matrix": [
        [
          0.7847954186055188,
          null,
          null,
          null
        ],
        [
          0.9113704299394081,
          0.9917020121883537,
          null,
          null
        ],
        [
          0.8863672750441374,
          0.9717476612049809,
          0.9583894510854731,
          null
        ],
        [
          0.9025796356009635,
          0.9381977109336895,
          0.9517277489288493,
          0.997228144989339
        ]
      ],
      "intransigence_acc": 0.157691994802305,
      "intransigence_f1": 0.37102106528283785,
      "oracle_accuracy": 0.9728901953972696,
      "oracle_macro_f1": 0.8455466249253417
    },
    {
      "protocol": "ci",
      "model": "ftt",
      "strategy": "icarl",
      "overall_accuracy": 0.7068974994338382,
      "overall_macro_f1": 0.4517030237344074,
      "avg_forgetting_acc": 0.14135525484134023,
      "avg_forgetting_f1": 0.07477337975544977,
      "recall_per_class": {
        "BENIGN": 0.6320489503668982,
        "DoS GoldenEye": 0.9154724313820743,
        "DoS Hulk": 0.9560451498658323,
        "DoS Slowhttptest": 0.8535698044565712,
        "DoS slowloris": 0.8856773080241588,
        "FTP-Patator": 0.9889729048519219,
        "Heartbleed": 1.0,
        "SSH-Patator": 0.9893977947413062
      },
      "acc_matrix": [
        [
          0.9985427328012701,
          null,
          null,
          null
        ],
        [
          0.9328834895028564,
          0.9773894406247348,
          null,
          null
        ],
        [
          0.754663113278426,
          0.9547364400305577,
          0.9825200291332847,
          null
        ],
        [
          0.6353571580454475,
          0.9536541889483066,
          0.945375091041515,
          0.9894157493649449
        ]
      ],
      "f1_matrix": [
        [
          0.9701924010607361,
          null,
          null,
          null
        ],
        [
          0.9481229402397606,
          0.9873007857807943,
          null,
          null
        ],
        [
          0.8657947258823653,
          0.9563289753824241,
          0.9901303227736096,
          null
        ],
        [
          0.8071240097880967,
          0.9492648476406783,
          0.9669145129200156,
          0.9417797674033018
        ]
      ],
      "intransigence_acc": 0.264633907703538,
      "intransigence_f1": 0.2931670662049598,
      "oracle_accuracy": 0.9715314071373762,
      "oracle_macro_f1": 0.7448700899393672
    },
    {
      "protocol": "cii",
      "model": "mlp",
      "strategy": "icarl",
      "overall_accuracy": 0.904332951494777,
      "overall_macro_f1": 0.5902659856216271,
      "avg_forgetting_acc": 0.06450505082593916,
      "avg_forgetting_f1": 0.04490552368132961,
      "recall_per_class": {
        "BENIGN": 0.8974463422050614,
        "DoS GoldenEye": 0.9812970609667233,
        "DoS Hulk": 0.9193690317113711,
        "DoS Slowhttptest": 0.9627103228740337,
        "DoS slowloris": 0.9473684210526315,
        "FTP-Patator": 0.9889729048519219,
        "Heartbleed": 1.0,
        "SSH-Patator": 0.9902459711620017
      },
      "acc_matrix": [
        [
          0.9926041175890519,
          null,
          null,
          null
        ],
        [
          0.9826224155499798,
          0.9683127708133497,
          null,
          null
        ],
        [
          0.9446349721147841,
          0.928990396807021,
          0.9441931758076877,
          null
        ],
        [
          0.900763693339323,
          0.9097399089295362,
          0.9010913094634125,
          0.9003697869535587
        ]
      ],
      "f1_matrix": [
        [
          0.9601561441408909,
          null,
          null,
          null
        ],
        [
          0.9635499362607077,
          0.9745334458193916,
          null,
          null
        ],
        [
          0.8810126343711561,
          0.953768534929472,
          0.9072095706394036,
          null
        ],
        [
          0.8535057735550644,
          0.9503525439051227,
          0.906718064215327,
          0.5141380037025352
        ]
      ],
      "intransigence_acc": 0.0726094231306218,
      "intransigence_f1": 0.30262660354504745,
      "oracle_accuracy": 0.9769423746253988,
      "oracle_macro_f1": 0.8928925891666746
    },
    {
      "protocol": "cii",
      "model": "cnn",
      "strategy": "icarl",
      "overall_accuracy": 0.9052234195291733,
      "overall_macro_f1": 0.6216881006489818,
      "avg_forgetting_acc": 0.055864003163815235,
      "avg_forgetting_f1": 0.014593193945403926,
      "recall_per_class": {
        "BENIGN": 0.8803406789482441,
        "DoS GoldenEye": 0.9727957250425067,
        "DoS Hulk": 0.9887668524372888,